Zipcode,Estimated_Total_Housing_Units,Estimated_Total_Occupied_Housing_Units,Estimated_Total_Vacant_Housing_Units,Percent_Total_Occupied_Housing_Units,Percent_Total_Vacant_Housing_Units,Estimated_Total_Occupied_Housing_Units_No_Vechile,Estimated_Total_Occupied_Housing_Units_1_Vechile,Estimated_Total_Occupied_Housing_Units_2_Vechiles,Estimated_Total_Occupied_Housing_Units_3_or_more_Vechiles,Percent_Total_Occupied_Housing_Units_No_Vechile,Percent_Total_Occupied_Housing_Units_1_Vechile,Percent_Total_Occupied_Housing_Units_2_Vechiles,Percent_Total_Occupied_Housing_Units_3_or_more_Vechiles,Estimated_Total_Occupied_Housing_Utility gas,"Estimated_Total_Occupied_Housing_Bottled, tank, or LP gas",Estimated_Total_Occupied_Housing_Electricity,"Estimated_Total_Occupied_Housing_Fuel oil, kerosene, etc.",Estimated_Total_Occupied_Housing_Coal or coke,Estimated_Total_Occupied_Housing_Wood,Estimated_Total_Occupied_Housing_Solar energy,Estimated_Total_Occupied_Housing_Other fuel,Estimated_Total_Occupied_Housing_No fuel used,Percent_Total_Occupied_Housing_Utility gas,"Percent_Total_Occupied_Housing_Bottled, tank, or LP gas",Percent_Total_Occupied_Housing_Electricity,"Percent_Total_Occupied_Housing_Fuel oil, kerosene, etc.",Percent_Total_Occupied_Housing_Coal or coke,Percent_Total_Occupied_Housing_Wood,Percent_Total_Occupied_Housing_Solar energy,Percent_Total_Occupied_Housing_Other fuel,Percent_Total_Occupied_Housing_No fuel used,Estimated_Occupants_per_Room_1.00 or less,Estimated_Occupants_per_Room_1.01 to 1.50,Estimated_Occupants_per_Room_1.51 or more,Percent_Occupants_per_Room_1.00 or less,Percent_Occupants_per_Room_1.01 to 1.50,Percent_Occupants_per_Room_1.51 or more
02045,5702,4380,1322,76.8,23.2,163,1780,1542,895,3.7,40.6,35.2,20.4,3149,164,323,684,0,25,0,7,28,71.9,3.7,7.4,15.6,0,0.6,0,0.2,0.6,4348,32,0,99.3,0.7,0
02108,2311,1905,406,82.4,17.6,920,681,231,73,48.3,35.7,12.1,3.8,1207,39,503,105,0,0,0,11,40,63.4,2,26.4,5.5,0,0,0,0.6,2.1,1878,27,0,98.6,1.4,0
02109,2727,1958,769,71.8,28.2,886,844,221,7,45.3,43.1,11.3,0.4,616,40,1158,110,0,0,0,30,4,31.5,2,59.1,5.6,0,0,0,1.5,0.2,1886,51,21,96.3,2.6,1.1
02110,1641,1282,359,78.1,21.9,460,599,188,35,35.9,46.7,14.7,2.7,750,0,442,44,0,0,0,11,35,58.5,0,34.5,3.4,0,0,0,0.9,2.7,1266,16,0,98.8,1.2,0
02111,4515,3515,1000,77.9,22.1,2131,1270,114,0,60.6,36.1,3.2,0,1387,21,2048,12,0,0,0,19,28,39.5,0.6,58.3,0.3,0,0,0,0.5,0.8,3207,105,203,91.2,3,5.8
02113,4600,4025,575,87.5,12.5,2336,1199,444,46,58,29.8,11,1.1,1967,130,1723,160,0,0,0,6,39,48.9,3.2,42.8,4,0,0,0,0.1,1,3931,7,87,97.7,0.2,2.2
02114,9068,7358,1710,81.1,18.9,4291,2796,229,42,58.3,38,3.1,0.6,2893,77,3477,510,0,0,0,160,241,39.3,1,47.3,6.9,0,0,0,2.2,3.3,7122,47,189,96.8,0.6,2.6
02115,10869,9455,1414,87,13,6033,3066,345,11,63.8,32.4,3.6,0.1,3630,132,4908,442,13,0,0,60,270,38.4,1.4,51.9,4.7,0.1,0,0,0.6,2.9,9239,53,163,97.7,0.6,1.7
02116,14288,11707,2581,81.9,18.1,5364,4877,1258,208,45.8,41.7,10.7,1.8,4528,247,5828,827,9,3,4,94,167,38.7,2.1,49.8,7.1,0.1,0,0,0.8,1.4,11446,77,184,97.8,0.7,1.6
02118,15258,13847,1411,90.8,9.2,5288,6881,1399,279,38.2,49.7,10.1,2,5800,94,7064,498,0,0,23,64,304,41.9,0.7,51,3.6,0,0,0.2,0.5,2.2,13413,146,288,96.9,1.1,2.1
02119,13034,11953,1081,91.7,8.3,4951,4740,1799,463,41.4,39.7,15.1,3.9,7523,309,3383,574,0,50,59,0,55,62.9,2.6,28.3,4.8,0,0.4,0.5,0,0.5,11615,163,175,97.2,1.4,1.5
02120,5186,4701,485,90.6,9.4,2364,1785,395,157,50.3,38,8.4,3.3,2377,184,1610,272,0,0,0,76,182,50.6,3.9,34.2,5.8,0,0,0,1.6,3.9,4507,152,42,95.9,3.2,0.9
02121,11783,10718,1065,91,9,3947,4605,1628,538,36.8,43,15.2,5,6619,274,2925,719,0,40,0,58,83,61.8,2.6,27.3,6.7,0,0.4,0,0.5,0.8,10409,269,40,97.1,2.5,0.4
02122,9914,9004,910,90.8,9.2,1794,3978,2327,905,19.9,44.2,25.8,10.1,6680,207,1022,1012,0,0,0,45,38,74.2,2.3,11.4,11.2,0,0,0,0.5,0.4,8657,293,54,96.1,3.3,0.6
02124,20776,19395,1381,93.4,6.6,5352,7776,4728,1539,27.6,40.1,24.4,7.9,12736,423,4424,1672,0,19,9,32,80,65.7,2.2,22.8,8.6,0,0.1,0,0.2,0.4,18567,651,177,95.7,3.4,0.9
02125,14693,12986,1707,88.4,11.6,4087,5570,2636,693,31.5,42.9,20.3,5.3,8689,364,2911,852,0,0,0,21,149,66.9,2.8,22.4,6.6,0,0,0,0.2,1.1,12617,215,154,97.2,1.7,1.2
02127,18891,16799,2092,88.9,11.1,4674,7977,3480,668,27.8,47.5,20.7,4,11608,498,3561,848,0,0,7,33,244,69.1,3,21.2,5,0,0,0,0.2,1.5,16454,221,124,97.9,1.3,0.7
02128,18376,16925,1451,92.1,7.9,5843,7212,3298,572,34.5,42.6,19.5,3.4,10793,414,4521,959,0,0,11,26,201,63.8,2.4,26.7,5.7,0,0,0.1,0.2,1.2,15430,987,508,91.2,5.8,3
02129,9731,9278,453,95.3,4.7,1737,5360,2058,123,18.7,57.8,22.2,1.3,5164,171,3352,279,0,6,0,61,245,55.7,1.8,36.1,3,0,0.1,0,0.7,2.6,9064,109,105,97.7,1.2,1.1
02130,18346,17609,737,96,4,4933,8466,3402,808,28,48.1,19.3,4.6,11332,604,3664,1718,0,0,0,139,152,64.4,3.4,20.8,9.8,0,0,0,0.8,0.9,16895,233,481,95.9,1.3,2.7
02131,13095,12450,645,95.1,4.9,1758,5768,3673,1251,14.1,46.3,29.5,10,8874,388,1694,1382,0,72,9,23,8,71.3,3.1,13.6,11.1,0,0.6,0.1,0.2,0.1,12218,151,81,98.1,1.2,0.7
02134,8753,8082,671,92.3,7.7,3782,2777,1317,206,46.8,34.4,16.3,2.5,5164,319,2085,426,0,0,0,28,60,63.9,3.9,25.8,5.3,0,0,0,0.3,0.7,7794,110,178,96.4,1.4,2.2
02135,21278,20040,1238,94.2,5.8,6181,8483,3745,1631,30.8,42.3,18.7,8.1,11538,971,4912,1934,9,8,16,219,433,57.6,4.8,24.5,9.7,0,0,0.1,1.1,2.2,19392,235,413,96.8,1.2,2.1
02138,15981,14377,1604,90,10,4836,6678,2365,498,33.6,46.4,16.4,3.5,9772,440,2712,1000,0,0,7,168,278,68,3.1,18.9,7,0,0,0,1.2,1.9,14046,168,163,97.7,1.2,1.1
02139,16145,15263,882,94.5,5.5,5636,7037,2159,431,36.9,46.1,14.1,2.8,10270,346,3632,658,0,0,48,125,184,67.3,2.3,23.8,4.3,0,0,0.3,0.8,1.2,15025,160,78,98.4,1,0.5
02140,10210,9437,773,92.4,7.6,2023,5117,2030,267,21.4,54.2,21.5,2.8,6611,186,1973,325,0,0,7,95,240,70.1,2,20.9,3.4,0,0,0.1,1,2.5,9192,128,117,97.4,1.4,1.2
02141,7587,6826,761,90,10,2487,3453,769,117,36.4,50.6,11.3,1.7,3755,151,2657,126,31,19,8,26,53,55,2.2,38.9,1.8,0.5,0.3,0.1,0.4,0.8,6500,124,202,95.2,1.8,3
02142,2246,2077,169,92.5,7.5,696,1144,203,34,33.5,55.1,9.8,1.6,612,35,1391,15,0,0,9,5,10,29.5,1.7,67,0.7,0,0,0.4,0.2,0.5,1951,10,116,93.9,0.5,5.6
02143,12492,11623,869,93,7,2962,5943,2254,464,25.5,51.1,19.4,4,8163,281,2444,542,11,8,0,69,105,70.2,2.4,21,4.7,0.1,0.1,0,0.6,0.9,11417,103,103,98.2,0.9,0.9
02144,12022,11363,659,94.5,5.5,2871,5164,2495,833,25.3,45.4,22,7.3,8385,478,1434,714,0,0,39,30,283,73.8,4.2,12.6,6.3,0,0,0.3,0.3,2.5,11205,77,81,98.6,0.7,0.7
02145,11983,11349,634,94.7,5.3,1971,5488,3117,773,17.4,48.4,27.5,6.8,7474,324,2148,1267,0,52,0,17,67,65.9,2.9,18.9,11.2,0,0.5,0,0.1,0.6,10962,266,121,96.6,2.3,1.1
02152,8695,8242,453,94.8,5.2,1032,3352,3029,829,12.5,40.7,36.8,10.1,5274,162,1315,1339,0,0,0,28,124,64,2,16,16.2,0,0,0,0.3,1.5,8190,25,27,99.4,0.3,0.3
02163,559,403,156,72.1,27.9,308,95,0,0,76.4,23.6,0,0,100,15,274,0,0,0,0,0,14,24.8,3.7,68,0,0,0,0,0,3.5,387,0,16,96,0,4
02170,8372,8001,371,95.6,4.4,1143,3648,2365,845,14.3,45.6,29.6,10.6,4429,455,1631,1374,0,0,0,26,86,55.4,5.7,20.4,17.2,0,0,0,0.3,1.1,7745,191,65,96.8,2.4,0.8
02171,9216,8869,347,96.2,3.8,1088,4231,2985,565,12.3,47.7,33.7,6.4,5039,43,2684,1078,0,10,15,0,0,56.8,0.5,30.3,12.2,0,0.1,0.2,0,0,8288,279,302,93.4,3.1,3.4
02199,1156,833,323,72.1,27.9,323,427,83,0,38.8,51.3,10,0,83,0,626,8,0,0,0,62,54,10,0,75.2,1,0,0,0,7.4,6.5,793,0,40,95.2,0,4.8
02210,3994,3016,978,75.5,24.5,1240,1465,261,50,41.1,48.6,8.7,1.7,1111,151,1719,23,0,0,0,0,12,36.8,5,57,0.8,0,0,0,0,0.4,2942,26,48,97.5,0.9,1.6
02215,8908,7931,977,89,11,4738,2735,378,80,59.7,34.5,4.8,1,3293,126,3481,801,0,0,11,112,107,41.5,1.6,43.9,10.1,0,0,0.1,1.4,1.3,7748,55,128,97.7,0.7,1.6